{
  "rule_total_reward": 311.9999999999965,
  "qlearning_total_reward": 311.9999999999965
}